{"cameraMode":{"drawMode":0,"name":"Shaded","section":"Shading Mode"},"sceneLighting":true,"audioPlay":false,"sceneViewState":{"m_AlwaysRefresh":false,"showFog":true,"showSkybox":true,"showFlares":true,"showImageEffects":true,"showParticleSystems":true,"showVisualEffectGraphs":true,"m_FxEnabled":true},"in2DMode":false,"pivot":{"x":-0.5220251083374023,"y":0.25956451892852785,"z":0.21865856647491456},"rotation":{"x":-0.05393710732460022,"y":0.6038750410079956,"z":-0.041011083871126178,"w":-0.7941973209381104},"size":0.8115490674972534,"orthographic":false}